Channel Title,Channel Username,ID,Message,Date,Media Path
,,2424,,2024-10-18 11:12:54+00:00,
,,2423,,2024-10-18 09:17:43+00:00,
,,2422,,2024-10-18 07:12:00+00:00,
,,2421,,2024-10-17 15:52:57+00:00,
,,2420,,2024-10-17 15:47:42+00:00,
,,2419,,2024-10-17 13:26:11+00:00,
,,2417,,2024-10-17 10:28:36+00:00,
,,2416,,2024-10-17 09:47:22+00:00,
,,2414,,2024-10-16 10:41:27+00:00,
,,2413,,2024-10-16 09:24:55+00:00,
,,2408,,2024-10-15 20:11:16+00:00,
,,2407,,2024-10-15 17:30:34+00:00,
,,2406,,2024-10-15 17:30:34+00:00,
,,2405,,2024-10-15 12:14:57+00:00,
,,2404,,2024-10-13 14:03:08+00:00,
,,2403,,2024-10-13 13:42:46+00:00,
,,2402,,2024-10-13 13:42:46+00:00,
,,2401,,2024-10-13 13:39:28+00:00,
,,2400,,2024-10-12 13:16:33+00:00,
,,2399,,2024-10-11 15:32:14+00:00,
